English + preposition/construction,Deutsch,Verb / related construction,Adjective / participle,Noun / related form,Example sentence
"to take on a new role","eine neue Rolle übernehmen","","","role","I am taking on a new role in Global HR."
"professional background","beruflicher Hintergrund","","","background","My professional background is in HR."
"to build good relationships with","gute Beziehungen zu jemandem aufbauen","","","relationship","It is important to build good relationships with colleagues."
"to understand something","etwas verstehen","","","understanding","I want to understand the local requirements."
"local perspective","lokale Perspektive","","","perspective","We need to consider the local perspective."
"to apply something consistently","etwas konsequent anwenden","","","application","The policy should be applied consistently."
"local requirements","lokale Anforderungen","","","requirement","We need to consider local requirements."
"local circumstances","lokale Gegebenheiten","","","circumstance","The solution depends on local circumstances."
"essential","wesentlich / unerlässlich","","","","Clear communication is essential."
"to build trust","Vertrauen aufbauen","","","trust","It takes time to build trust."
"to gain confidence in","Sicherheit/Vertrauen in etwas gewinnen","","","confidence","I am gaining confidence in the new system."
"to take ownership of","Verantwortung für etwas übernehmen","","","ownership","I will take ownership of this task."
"to contribute to","zu etwas beitragen","","","contribution","I would like to contribute to the project."
"HR initiatives","HR-Initiativen","","","initiative","I support several HR initiatives."
"organization","Organisation","","","organization","The organization is changing."
"colleagues","Kollegen/Kolleginnen","","","colleague","I work closely with my colleagues."
"to find the right balance between A and B","das richtige Gleichgewicht zwischen A und B finden","","","balance","We need to find the right balance between local and global requirements."
"to comply with","etwas einhalten / entsprechen","","","compliance","We must comply with the policy."
"to present somebody with something","jemandem etwas vorlegen / präsentieren","","","presentation","I presented the team with the latest figures."
"to align on something","sich auf etwas abstimmen","","","alignment","Let's align on the next steps."
"clarity","Klarheit","","","","We need more clarity on this issue."
"to create clarity","Klarheit schaffen","","","clarity","The meeting helped create clarity."
"to retain skilled employees","qualifizierte Mitarbeiter halten","","","retention","Our goal is to retain skilled employees."
"beyond","über ... hinaus","","","","The role goes beyond administrative tasks."
"to go beyond something","über etwas hinausgehen","","","","We need to go beyond the standard approach."
"assignment","Auftrag / Einsatz","","","","This is an international assignment."
"international assignment","internationaler Auslandseinsatz","","","assignment","She is preparing for an international assignment."
"common understanding","gemeinsames Verständnis","","","understanding","We need to establish a common understanding."
"to adjust priorities","Prioritäten anpassen","","","adjustment","We may need to adjust our priorities."
"skilled employee","qualifizierter Mitarbeiter","","","skill","We want to retain skilled employees."
"relevant stakeholder","relevanter Stakeholder","","","stakeholder","We need to involve the relevant stakeholders."
"transparent framework","transparenter Rahmen","","","framework","The process needs a transparent framework."
"provide feedback","Feedback geben","","","feedback","Please provide feedback by Friday."
"identify opportunities","Möglichkeiten/Chancen identifizieren","","","opportunity","We should identify development opportunities."
"expand skills","Fähigkeiten erweitern","","","skill","Employees can expand their skills through training."
"internal mobility","interne Mobilität","","","mobility","Internal mobility can support career development."
"active participation","aktive Teilnahme / aktive Beteiligung","","","participation","Thank you for your active participation."
"insightful questions","aufschlussreiche / wertvolle Fragen","","","question","She asked some insightful questions."
"to gather feedback","Feedback einholen","","","feedback","We need to gather feedback from the team."
"perspectives","Perspektiven","","","perspective","We need to consider different perspectives."
"reference job list","Referenz-Stellenliste","","","reference","Please use the reference job list."
"to refine something","etwas verfeinern","","","refinement","We need to refine the proposal."
"generic","allgemein / generisch","","","","This is a generic job title."
"inevitably","zwangsläufig","","","","Changes inevitably create questions."
"slotting process","Slotting-/Zuordnungsprozess","","","process","The slotting process is currently underway."
"to map a role","eine Rolle zuordnen/abbilden","","","mapping","We need to map the role to the appropriate job."
"anchor roles","Ankerrollen","","","role","Anchor roles help establish the framework."
"career stream","Karriere-/Laufbahnzweig","","","career","The role belongs to a specific career stream."
"scope","Umfang / Verantwortungsbereich","","","","We need to clarify the scope of the role."
"impact","Auswirkung / Einfluss","","","","The role has a significant impact on the organization."
"responsibilities","Verantwortlichkeiten","","","responsibility","The responsibilities need to be clearly defined."
"corresponding","entsprechend","","","","Please use the corresponding job title."
"to avoid double work","doppelte Arbeit vermeiden","","","duplication","We should avoid double work."
"duplicate efforts","doppelte/duplizierte Arbeit","","","effort","This will help us avoid duplicate efforts."
"to validate","validieren / überprüfen","","","validation","We need to validate the data."
"to finalize","abschließen / finalisieren","","","finalization","We will finalize the document tomorrow."
"policy","Richtlinie","","","policy","Please follow the company policy."
"upcoming","bevorstehend","","","","We need to prepare for the upcoming meeting."
"career path","Karriereweg / Entwicklungspfad","","","career","Employees should have a clear career path."
"to streamline the slotting process","den Slotting-Prozess effizienter gestalten","","","streamlining","We want to streamline the slotting process."
"to paste something","etwas einfügen / hineinkopieren","","","paste","Please paste the data into the Excel file."
"to push the envelope","die Grenzen ausloten / neue Maßstäbe setzen","","","","The team is pushing the envelope with this approach."
"to fire on all cylinders","auf Hochtouren laufen / mit voller Leistung arbeiten","","","","The team is firing on all cylinders."
"the nuts and bolts","die Grundlagen / praktischen Details","","","","Let's discuss the nuts and bolts."
"rocket science","komplizierte Angelegenheit / keine Raketenwissenschaft","","","","It's not rocket science."
"light-years ahead","Lichtjahre voraus / deutlich weiter fortgeschritten","","","","The new system is light-years ahead."
"on the same wavelength","auf derselben Wellenlänge sein","","","","We are on the same wavelength."
"to pull the plug","etwas stoppen / einstellen","","","","Management decided to pull the plug on the project."
"generation","Generation","","","","Different generations may have different expectations."
"recurring","wiederkehrend / regelmäßig","","","recurrence","This is a recurring task."
"crucial","entscheidend / ausschlaggebend","","","","Clear communication is crucial."
"railroading","jemanden übergehen / etwas ohne echte Mitbestimmung durchdrücken","","","","Employees may perceive the process as railroading."
"to roll out","etwas einführen / ausrollen","","","rollout","We will roll out the new process next month."
"sufficient","ausreichend / genügend","","","","We have sufficient information."
"resistance","Widerstand","","","resistance","We may face some resistance to the change."
"ownership","Verantwortungsgefühl / Eigenverantwortung","","","","Ownership is important in this role."
"to handle","bearbeiten / handhaben / sich um etwas kümmern","","","handling","I will handle the request."
"accordingly","entsprechend / dementsprechend","","","","We will adjust the process accordingly."
"to assign","zuweisen / beauftragen","","","assignment","I will assign the task to a colleague."
"This has come to my notice","Das ist mir aufgefallen / zur Kenntnis gelangt","","","","This issue has come to my notice."
"This has come to my attention","Das ist mir aufgefallen / Ich bin darauf aufmerksam geworden","","","","This issue has come to my attention."
"to deal with","sich um etwas kümmern / etwas bearbeiten","","","dealing","I will deal with this issue."
"to lead","leiten / führen","","","leader","She leads the HR team."
"to head","leiten / anführen","","","head","He heads the department."
"to merge","zusammenführen / fusionieren","","","merger","The two teams will merge."
"I don't have access yet.","Ich habe noch keinen Zugriff.","","","access","I don't have access yet."
"to regret","bedauern","","","regret","I regret the delay."
"to resign","kündigen / zurücktreten","","","resignation","He decided to resign."
"to retire","in den Ruhestand gehen","","","retirement","She plans to retire next year."
"column","Spalte","","","","Add the data to the next column."
"cell","Zelle","","","","Please enter the value in this cell."
"row","Zeile","","","","Select the entire row."
"cursor","Kursor / Mauszeiger","","","","Move the cursor to the next cell."
"to insert","einfügen","","","insertion","Insert a new row."
"to delete","löschen","","","deletion","Delete the duplicate entry."
"right-click","Rechtsklick","","","","Use a right-click to open the menu."
"to right-click","rechtsklicken","","","","Right-click the file."
"menu","Menü","","","","Select the option from the menu."
"context menu","Kontextmenü","","","menu","The context menu contains several options."
"to sort","sortieren","","","sorting","Sort the data by name."
"to recur","wieder auftreten / sich wiederholen","","","recurrence","The issue may recur."
"to seek something","etwas suchen / sich um etwas bemühen","","","search","We need to seek a workable solution."
"to look for something","nach etwas suchen","","","search","I am looking for the latest version."
"to reach a workable solution","eine praktikable / umsetzbare Lösung finden","","","solution","We need to reach a workable solution."
"workable","praktikabel / umsetzbar","","","workability","We need a workable solution."
"to take action / taking action","Maßnahmen ergreifen / tätig werden / handeln","","","action","We need to take action."
"to establish the facts","die Fakten feststellen / klären","","","establishment","Let's establish the facts first."
"perspectives involved","die beteiligten Perspektiven / Sichtweisen","","","perspective","We need to consider all perspectives involved."
"to affect","beeinflussen / sich auf etwas auswirken","","","effect","The change will affect several employees."
"to keep someone informed","jemanden auf dem Laufenden halten","","","information","Please keep me informed."
"to set expectations","Erwartungen festlegen / klarstellen","","","expectation","We need to set expectations early."
"to set expectations clearly","Erwartungen klar festlegen / klarstellen","","","expectation","We should set expectations clearly."
"to escalate the matter","eine Angelegenheit eskalieren / an eine höhere Ebene weitergeben","","","escalation","We may need to escalate the matter."
"to seek advice","Rat einholen / sich beraten lassen","","","advice","I would like to seek advice from HR."
"sensitive","sensibel / heikel","","","sensitivity","This is a sensitive HR matter."
"to approach a situation carefully","eine Situation vorsichtig / sorgfältig angehen","","","approach","We should approach the situation carefully."
"delight","Freude / große Freude / Begeisterung","","","","Customer delight is important to the business."
"delighted","sehr erfreut / freut sich sehr","","","","I am delighted to hear that."
"rugged","robust / widerstandsfähig","","","","The equipment is designed for rugged environments."
"harsh","hart / rau / widrig","","","","The system must work in harsh environments."
"environment","Umgebung / Umwelt","","","","We work in a demanding environment."
"harsh environment","raue/widrige Umgebung / anspruchsvolle Einsatzbedingungen","","","","The equipment is used in a harsh environment."
"to make use of the time","die Zeit sinnvoll nutzen","","","use","I want to make use of the time before the meeting."
"make good use of your time","seine Zeit gut/sinnvoll nutzen","","","use","Make good use of your time."
"feasible","machbar / umsetzbar / realisierbar","","","","We need a feasible solution."
"a feasible solution","eine machbare/umsetzbare Lösung","","","solution","We need to find a feasible solution."
"assumption","Annahme / Vermutung / Voraussetzung","","","","That is a reasonable assumption."
"to make an assumption","eine Annahme treffen","","","assumption","We should not make assumptions too quickly."
"based on the assumption that…","unter der Annahme, dass …","","","assumption","Based on the assumption that demand will increase, we need more staff."
"to make assumptions","Annahmen treffen","","","assumption","We should avoid making assumptions."
"to copy someone on an email","jemanden in CC nehmen / jemanden in Kopie setzen","","","copy","I copied her on the email."
"He/She is copied on the email.","Er/Sie ist in CC der E-Mail.","","","copy","She is copied on the email."
"I've copied him/her on the email.","Ich habe ihn/sie in CC genommen.","","","copy","I've copied him on the email."
"to countercheck something","etwas gegenprüfen / nochmals überprüfen","","","countercheck","Please countercheck the figures."
"to double-check something","etwas nochmals überprüfen / gegenprüfen","","","double-check","Please double-check the figures."
"convenient","praktisch / passend / günstig","","","","Is this time convenient for you?"
"convenient for somebody","praktisch / passend für jemanden","","","","Is this time convenient for you?"
"to contact somebody","jemanden kontaktieren","","","contact","I will contact the employee."
"to meet up","sich treffen","","","meeting","Let's meet up tomorrow."
"to meet up with somebody","sich mit jemandem treffen","","","meeting","I will meet up with her later."
"How about + noun / -ing?","Wie wäre es mit …?","","","","How about meeting tomorrow?"
"to arrange something","etwas organisieren / vereinbaren","","","arrangement","I will arrange the meeting."
"to arrange for something","etwas veranlassen / organisieren","","","arrangement","I will arrange for the documents to be sent."
"That works fine for me.","Das passt gut für mich / Das ist für mich völlig in Ordnung.","","","","That works fine for me."
"to suggest something","etwas vorschlagen","","","suggestion","I would like to suggest a different approach."
"suggestion","Vorschlag","","","suggestion","I have a suggestion."
"a suggestion for something","ein Vorschlag für etwas","","","suggestion","I have a suggestion for the meeting."
"a suggestion to do something","ein Vorschlag, etwas zu tun","","","suggestion","I have a suggestion to improve the process."
"It's a deal then.","Dann sind wir uns einig / Abgemacht","","","","It's a deal then."
"to put something on my schedule","etwas in meinen Kalender / Zeitplan eintragen","","","schedule","I'll put it on my schedule."
"to enhance","etwas verbessern / steigern","","","enhancement","The training will enhance our skills."
"to encourage","jemanden ermutigen / fördern","","","encouragement","We want to encourage employees to develop their skills."
"to ensure","sicherstellen / gewährleisten","","","assurance","Please ensure that the data is correct."
"to engage","einbinden / sich beteiligen / engagieren","","","engagement","We want to engage employees in the process."
"launching","Einführung / Start","","","launch","The launching of the new process is planned for October."
"to assess","etwas beurteilen / bewerten / einschätzen","","","assessment","We need to assess the situation."
"potential gap","mögliche Lücke / Abweichung","","","gap","We identified a potential gap."
"one-size-fits-all approach","ein Ansatz, der für alle gleichermaßen gelten soll","","","approach","A one-size-fits-all approach may not work here."
"to involve","jemanden in etwas einbeziehen","","","involvement","We need to involve the local HR team."
"at an early stage","in einem frühen Stadium","","","stage","We should involve HR at an early stage."
"to anticipate","etwas vorhersehen / vorwegnehmen","","","anticipation","We need to anticipate potential issues."
"to clarify","etwas klären","","","clarification","Let's clarify the issue."
"to establish","etwas festlegen / etablieren","","","establishment","We need to establish a clear process."
"to monitor","etwas überwachen / verfolgen","","","monitoring","We will monitor the situation."
"to arise","entstehen / auftreten","","","arising","Questions may arise during the process."
"to address an issue","ein Problem / Thema angehen","","","issue","We need to address this issue."
"commitment","Engagement / Verbindlichkeit","","","commitment","The project requires commitment."
"to resolve something","etwas lösen / klären","","","resolution","We need to resolve the issue."
"habit","Gewohnheit","","","habit","It is a good habit to check the latest version."
"to reward somebody for something","jemanden für etwas belohnen","","","reward","We reward employees for strong performance."
"to relieve somebody/something","jemanden/etwas entlasten; Erleichterung","","","relief","This will relieve the HR team."
"to keep somebody in the loop","jemanden auf dem Laufenden halten / in den Informationsfluss einbinden","","","loop","Please keep me in the loop."
"lazy","faul","","","laziness","I don't want to develop lazy work habits."
"to treat somebody/something as/like something","behandeln / behandeln als","","","treatment","We should treat the information as confidential."
"to annoy somebody","nerven / ärgern","","","annoyance","Constant interruptions can annoy people."
"to distract somebody from something","jemanden von etwas ablenken","to distract","distracted / distracting","distraction","Notifications can distract me from my work."
"to praise somebody for something","jemanden für etwas loben","","","praise","The manager praised her for her work."
"to leverage","etwas gezielt nutzen / ausschöpfen","","","leverage","We can leverage our existing HR data."
"to reinforce","etwas verstärken / bekräftigen","","","reinforcement","The training will reinforce the key messages."
"a ton of","eine Menge / sehr viel","","","","I have a ton of emails today."
"to grab attention","Aufmerksamkeit erregen","","","attention","The headline needs to grab attention."
"overall","insgesamt / insgesamt betrachtet","","","","Overall, the process works well."
"to regain","etwas zurückgewinnen / wiedererlangen","","","","We need to regain trust."
"to draw attention","Aufmerksamkeit auf etwas lenken","","","attention","I want to draw attention to this issue."
"distraction","Ablenkung","to distract somebody from something","distracted / distracting","distraction","Office noise can be a distraction."
"interruption","Unterbrechung","to interrupt somebody","interrupted / interrupting","interruption","I had several interruptions this morning."
"to save a file","eine Datei speichern","","","saving","Don't forget to save the file."
"to rename a file","eine Datei umbenennen","","","renaming","Please rename the file before saving it."
"to move a file","eine Datei verschieben","","","movement","Move the file to the correct folder."
"to access something","auf etwas zugreifen","","","access","I cannot access the shared folder."
"network drive","Netzlaufwerk","","","drive","The document is stored on the network drive."
"folder","Ordner","","","folder","Please save it in the HR folder."
"attachment","Anhang","","","attachment","The information is in the email attachment."
"latest version","aktuellste Version","","","version","Please make sure you are using the latest version."
"to update a file","eine Datei aktualisieren","","","update","I need to update the file."
"to file a document","ein Dokument ablegen","","","filing","Please file the document in the appropriate folder."
"to keep track of something","etwas im Blick behalten / den Überblick behalten","","","tracking","I use a task list to keep track of my work."
"to lose track of something","den Überblick über etwas verlieren","","","tracking","I lost track of the task after the interruption."
"to stop by someone's desk","kurz bei jemandem am Schreibtisch vorbeischauen","","","stop","She stopped by my desk to ask a quick question."
"to respond to an email","auf eine E-Mail antworten","","","response","I need to respond to several emails."
"to stop responding","nicht mehr reagieren","","","response","The application stopped responding."
"IT support","IT-Support","","","support","I contacted IT support."
"headset","Headset","","","headset","I use a headset for Teams calls."
"monitor","Bildschirm","","","monitor","I have two monitors on my desk."
"shared folder","gemeinsamer Ordner","","","folder","The file is in the shared folder."
"file structure","Datei-/Ordnerstruktur","","","structure","We need to improve the file structure."
"to concentrate on something","sich auf etwas konzentrieren","","","concentration","I need to concentrate on this task."
"unnecessary interruption","unnötige Unterbrechung","","","interruption","I try to avoid unnecessary interruptions."
"open task","offene Aufgabe","","","task","I still have two open tasks."
"to set priorities","Prioritäten setzen","","","priority","I need to set priorities for today."
"to restart the software","die Software neu starten","","","restart","Try to restart the software."
"to download an attachment","einen Anhang herunterladen","","","download","I downloaded the attachment."
"file version","Dateiversion","","","version","Please check the file version."
"accountability","Verantwortlichkeit / für etwas geradestehen","","","accountability","Accountability means being answerable for the outcome."
"to take accountability for something","Verantwortung für etwas übernehmen / für etwas geradestehen","","","accountability","Managers need to take accountability for their decisions."
"to be accountable for something","für etwas verantwortlich sein / für etwas geradestehen","","","accountability","She is accountable for the final result."
"responsibility","Verantwortung / Zuständigkeit","","","responsibility","I have responsibility for this process."
